{"records": [
    {
        "jsonSchemaLocation": "/bot.module/Schemas/Mock Subscription.json",
        "conversionType": "generated",
        "xsdSchemaTargetNamespace": "/T1617963636911Converted/JsonSchema"
    },
    {
        "jsonSchemaLocation": "/bot.module/Service Descriptors/bot.module.Verification-Resource.json",
        "conversionType": "linked",
        "xsdSchemaTargetNamespace": "http://tns.tibco.com/bw/json/1540541038618"
    },
    {
        "jsonSchemaLocation": "/bot.module/Service Descriptors/bot.module.Verification-Resource.json",
        "conversionType": "linked",
        "xsdSchemaTargetNamespace": "http://tns.tibco.com/bw/json/1540541063888"
    }
]}