{
  "swagger" : "2.0",
  "info" : {
    "version" : "1.0",
    "title" : "Summary about the new REST service.",
    "description" : "Summary about the new REST service."
  },
  "host" : "127.0.0.1:8080",
  "basePath" : "/",
  "schemes" : [ "http" ],
  "paths" : {
    "/resource" : {
      "post" : {
        "description" : "",
        "operationId" : "post-resource",
        "consumes" : [ "application/json" ],
        "produces" : [ "application/json" ],
        "parameters" : [ {
          "name" : "body",
          "in" : "body",
          "description" : "",
          "schema" : {
            "$ref" : "#/definitions/verification_requestElement"
          },
          "required" : true
        } ],
        "responses" : {
          "200" : {
            "description" : "a verification_responseElement to be returned",
            "schema" : {
              "$ref" : "#/definitions/verification_responseElement"
            }
          }
        }
      }
    }
  },
  "definitions" : {
    "slots" : {
      "type" : "object",
      "properties" : {
        "Email" : {
          "type" : "string"
        },
        "Name" : {
          "type" : "string"
        }
      }
    },
    "verification_requestElement" : {
      "type" : "object",
      "properties" : {
        "bot" : {
          "$ref" : "#/definitions/bot"
        },
        "currentIntent" : {
          "$ref" : "#/definitions/currentIntent"
        },
        "inputTranscript" : {
          "type" : "string"
        },
        "invocationSource" : {
          "type" : "string"
        },
        "messageVersion" : {
          "type" : "string"
        },
        "outputDialogMode" : {
          "type" : "string"
        },
        "requestAttributes" : {
          "type" : "string"
        },
        "sessionAttributes" : {
          "$ref" : "#/definitions/sessionAttributes"
        },
        "userId" : {
          "type" : "string"
        }
      }
    },
    "dialogAction" : {
      "type" : "object",
      "properties" : {
        "type" : {
          "type" : "string"
        },
        "fulfillmentState" : {
          "type" : "string"
        },
        "message" : {
          "$ref" : "#/definitions/message"
        }
      }
    },
    "bot" : {
      "type" : "object",
      "properties" : {
        "alias" : {
          "type" : "string"
        },
        "name" : {
          "type" : "string"
        },
        "version" : {
          "type" : "string"
        }
      }
    },
    "Phone" : {
      "type" : "object",
      "properties" : {
        "originalValue" : {
          "type" : "string"
        },
        "resolutions" : {
          "type" : "array",
          "items" : {
            "type" : "string",
            "uniqueItems" : false
          }
        }
      }
    },
    "currentIntent" : {
      "type" : "object",
      "properties" : {
        "confirmationStatus" : {
          "type" : "string"
        },
        "name" : {
          "type" : "string"
        },
        "slotDetails" : {
          "$ref" : "#/definitions/slotDetails"
        },
        "slots" : {
          "$ref" : "#/definitions/slots"
        }
      }
    },
    "slotDetails" : {
      "type" : "object",
      "properties" : {
        "Phone" : {
          "$ref" : "#/definitions/Phone"
        },
        "Name" : {
          "$ref" : "#/definitions/Name"
        }
      }
    },
    "sessionAttributes" : {
      "type" : "object",
      "properties" : { }
    },
    "message" : {
      "type" : "object",
      "properties" : {
        "contentType" : {
          "type" : "string"
        },
        "content" : {
          "type" : "string"
        }
      }
    },
    "verification_responseElement" : {
      "type" : "object",
      "properties" : {
        "dialogAction" : {
          "$ref" : "#/definitions/dialogAction"
        }
      }
    },
    "Name" : {
      "type" : "object",
      "properties" : {
        "originalValue" : {
          "type" : "string"
        },
        "resolutions" : {
          "type" : "array",
          "items" : {
            "type" : "string",
            "uniqueItems" : false
          }
        }
      }
    }
  }
}